{"O O 2.9 0.4": {"degeneracy": 4, "bond length": 2.867355, "cohp": 0.819967141001, "coop": -0.032512799501, "all bonds": ["2, 3, 0, 0, 0", "2, 3, 0, 1, 0", "2, 3, 1, 0, 0", "2, 3, 1, 1, 0", "3, 2, -1, -1, 0", "3, 2, -1, 0, 0", "3, 2, 0, -1, 0", "3, 2, 0, 0, 0"]}, "O O 4.1 0.0": {"degeneracy": 4, "bond length": 4.055053, "cohp": 0.004046378196, "coop": -8.0155188e-05, "all bonds": ["2, 2, -1, 0, 0", "2, 2, 0, -1, 0", "2, 2, 0, 1, 0", "2, 2, 1, 0, 0", "3, 3, -1, 0, 0", "3, 3, 0, -1, 0", "3, 3, 0, 1, 0", "3, 3, 1, 0, 0"]}, "O O 5.5 -0.0": {"degeneracy": 2, "bond length": 5.473579, "cohp": -0.000235087322, "coop": 4.064872e-06, "all bonds": ["2, 2, 0, 0, -1", "2, 2, 0, 0, 1", "3, 3, 0, 0, -1", "3, 3, 0, 0, 1"]}, "O O 5.7 0.0": {"degeneracy": 4, "bond length": 5.734711, "cohp": 0.000623709251, "coop": -3.63881e-07, "all bonds": ["2, 2, -1, -1, 0", "2, 2, -1, 1, 0", "2, 2, 1, -1, 0", "2, 2, 1, 1, 0", "3, 3, -1, -1, 0", "3, 3, -1, 1, 0", "3, 3, 1, -1, 0", "3, 3, 1, 1, 0"]}, "O O 6.2 0.0": {"degeneracy": 8, "bond length": 6.179142, "cohp": 0.000162581956, "coop": 9.2168e-08, "all bonds": ["2, 3, 0, 0, -1", "2, 3, 0, 0, 1", "2, 3, 0, 1, -1", "2, 3, 0, 1, 1", "2, 3, 1, 0, -1", "2, 3, 1, 0, 1", "2, 3, 1, 1, -1", "2, 3, 1, 1, 1", "3, 2, -1, -1, -1", "3, 2, -1, -1, 1", "3, 2, -1, 0, -1", "3, 2, -1, 0, 1", "3, 2, 0, -1, -1", "3, 2, 0, -1, 1", "3, 2, 0, 0, -1", "3, 2, 0, 0, 1"]}, "O O 6.4 0.0": {"degeneracy": 4, "bond length": 6.411601, "cohp": 0.000103209223, "coop": -1.7644e-08, "all bonds": ["2, 3, -1, 0, 0", "2, 3, -1, 1, 0", "2, 3, 0, -1, 0", "2, 3, 1, -1, 0", "3, 2, -1, 1, 0", "3, 2, 0, 1, 0", "3, 2, 1, -1, 0", "3, 2, 1, 0, 0"]}, "O O 6.8 -0.0": {"degeneracy": 8, "bond length": 6.812013, "cohp": -1.7113326e-05, "coop": -1.9845e-08, "all bonds": ["2, 2, -1, 0, -1", "2, 2, -1, 0, 1", "2, 2, 0, -1, -1", "2, 2, 0, -1, 1", "2, 2, 0, 1, -1", "2, 2, 0, 1, 1", "2, 2, 1, 0, -1", "2, 2, 1, 0, 1", "3, 3, -1, 0, -1", "3, 3, -1, 0, 1", "3, 3, 0, -1, -1", "3, 3, 0, -1, 1", "3, 3, 0, 1, -1", "3, 3, 0, 1, 1", "3, 3, 1, 0, -1", "3, 3, 1, 0, 1"]}, "O O 7.9 0.0": {"degeneracy": 8, "bond length": 7.927609, "cohp": 0.000500002316, "coop": 2.1176e-08, "all bonds": ["2, 2, -1, -1, -1", "2, 2, -1, -1, 1", "2, 2, -1, 1, -1", "2, 2, -1, 1, 1", "2, 2, 1, -1, -1", "2, 2, 1, -1, 1", "2, 2, 1, 1, -1", "2, 2, 1, 1, 1", "3, 3, -1, -1, -1", "3, 3, -1, -1, 1", "3, 3, -1, 1, -1", "3, 3, -1, 1, 1", "3, 3, 1, -1, -1", "3, 3, 1, -1, 1", "3, 3, 1, 1, -1", "3, 3, 1, 1, 1"]}, "O O 8.4 0.0": {"degeneracy": 4, "bond length": 8.430226, "cohp": 0.000338865896, "coop": 5.4984e-08, "all bonds": ["2, 3, -1, 0, -1", "2, 3, -1, 1, -1", "2, 3, 0, -1, 1", "2, 3, 1, -1, 1", "3, 2, -1, 1, -1", "3, 2, 0, 1, -1", "3, 2, 1, -1, 1", "3, 2, 1, 0, 1"]}, "O Pb 2.4 -0.8": {"degeneracy": 8, "bond length": 2.351786, "cohp": -1.573344087028, "coop": 0.176760927763, "all bonds": ["0, 2, 0, -1, 0", "0, 2, 0, 0, 0", "0, 3, 0, 0, 0", "0, 3, 1, 0, 0", "1, 2, -1, 0, 1", "1, 2, 0, 0, 1", "1, 3, 0, 0, 1", "1, 3, 0, 1, 1", "2, 0, 0, 0, 0", "2, 0, 0, 1, 0", "2, 1, 0, 0, -1", "2, 1, 1, 0, -1", "3, 0, -1, 0, 0", "3, 0, 0, 0, 0", "3, 1, 0, -1, -1", "3, 1, 0, 0, -1"]}, "O Pb 4.7 -0.0": {"degeneracy": 16, "bond length": 4.687681, "cohp": -0.002858264619, "coop": 8.4298609e-05, "all bonds": ["0, 2, -1, -1, 0", "0, 2, -1, 0, 0", "0, 2, 1, -1, 0", "0, 2, 1, 0, 0", "0, 3, 0, -1, 0", "0, 3, 0, 1, 0", "0, 3, 1, -1, 0", "0, 3, 1, 1, 0", "1, 2, -1, -1, 1", "1, 2, -1, 1, 1", "1, 2, 0, -1, 1", "1, 2, 0, 1, 1", "1, 3, -1, 0, 1", "1, 3, -1, 1, 1", "1, 3, 1, 0, 1", "1, 3, 1, 1, 1", "2, 0, -1, 0, 0", "2, 0, -1, 1, 0", "2, 0, 1, 0, 0", "2, 0, 1, 1, 0", "2, 1, 0, -1, -1", "2, 1, 0, 1, -1", "2, 1, 1, -1, -1", "2, 1, 1, 1, -1", "3, 0, -1, -1, 0", "3, 0, -1, 1, 0", "3, 0, 0, -1, 0", "3, 0, 0, 1, 0", "3, 1, -1, -1, -1", "3, 1, -1, 0, -1", "3, 1, 1, -1, -1", "3, 1, 1, 0, -1"]}, "O Pb 4.7 0.0": {"degeneracy": 8, "bond length": 4.737696, "cohp": 0.014993111547, "coop": -0.000685845971, "all bonds": ["0, 2, 0, -1, 1", "0, 2, 0, 0, 1", "0, 3, 0, 0, 1", "0, 3, 1, 0, 1", "1, 2, -1, 0, 0", "1, 2, 0, 0, 0", "1, 3, 0, 0, 0", "1, 3, 0, 1, 0", "2, 0, 0, 0, -1", "2, 0, 0, 1, -1", "2, 1, 0, 0, 0", "2, 1, 1, 0, 0", "3, 0, -1, 0, -1", "3, 0, 0, 0, -1", "3, 1, 0, -1, 0", "3, 1, 0, 0, 0"]}, "O Pb 6.2 -0.0": {"degeneracy": 4, "bond length": 6.19821, "cohp": -6.2077032e-05, "coop": 9.82153e-07, "all bonds": ["0, 2, 0, 1, 0", "0, 3, -1, 0, 0", "1, 2, 1, 0, 1", "1, 3, 0, -1, 1", "2, 0, 0, -1, 0", "2, 1, -1, 0, -1", "3, 0, 1, 0, 0", "3, 1, 0, 1, -1"]}, "O Pb 6.2 0.0": {"degeneracy": 16, "bond length": 6.236122, "cohp": 0.000858399254, "coop": 4.084845e-06, "all bonds": ["0, 2, -1, -1, 1", "0, 2, -1, 0, 1", "0, 2, 1, -1, 1", "0, 2, 1, 0, 1", "0, 3, 0, -1, 1", "0, 3, 0, 1, 1", "0, 3, 1, -1, 1", "0, 3, 1, 1, 1", "1, 2, -1, -1, 0", "1, 2, -1, 1, 0", "1, 2, 0, -1, 0", "1, 2, 0, 1, 0", "1, 3, -1, 0, 0", "1, 3, -1, 1, 0", "1, 3, 1, 0, 0", "1, 3, 1, 1, 0", "2, 0, -1, 0, -1", "2, 0, -1, 1, -1", "2, 0, 1, 0, -1", "2, 0, 1, 1, -1", "2, 1, 0, -1, 0", "2, 1, 0, 1, 0", "2, 1, 1, -1, 0", "2, 1, 1, 1, 0", "3, 0, -1, -1, -1", "3, 0, -1, 1, -1", "3, 0, 0, -1, -1", "3, 0, 0, 1, -1", "3, 1, -1, -1, 0", "3, 1, -1, 0, 0", "3, 1, 1, -1, 0", "3, 1, 1, 0, 0"]}, "O Pb 7.0 -0.0": {"degeneracy": 4, "bond length": 6.966791, "cohp": -2.4000634e-05, "coop": -2.66654e-07, "all bonds": ["0, 2, 0, -1, -1", "0, 2, 0, 0, -1", "0, 3, 0, 0, -1", "0, 3, 1, 0, -1", "2, 0, 0, 0, 1", "2, 0, 0, 1, 1", "3, 0, -1, 0, 1", "3, 0, 0, 0, 1"]}, "O Pb 7.4 0.0": {"degeneracy": 4, "bond length": 7.438593, "cohp": 4.6843997e-05, "coop": -9.56e-10, "all bonds": ["0, 2, 0, 1, 1", "0, 3, -1, 0, 1", "1, 2, 1, 0, 0", "1, 3, 0, -1, 0", "2, 0, 0, -1, -1", "2, 1, -1, 0, 0", "3, 0, 1, 0, -1", "3, 1, 0, 1, 0"]}, "O Pb 8.1 0.0": {"degeneracy": 8, "bond length": 8.060995, "cohp": 3.4418384e-05, "coop": -4.124e-09, "all bonds": ["0, 2, -1, -1, -1", "0, 2, -1, 0, -1", "0, 2, 1, -1, -1", "0, 2, 1, 0, -1", "0, 3, 0, -1, -1", "0, 3, 0, 1, -1", "0, 3, 1, -1, -1", "0, 3, 1, 1, -1", "2, 0, -1, 0, 1", "2, 0, -1, 1, 1", "2, 0, 1, 0, 1", "2, 0, 1, 1, 1", "3, 0, -1, -1, 1", "3, 0, -1, 1, 1", "3, 0, 0, -1, 1", "3, 0, 0, 1, 1"]}, "O Pb 9.0 0.0": {"degeneracy": 2, "bond length": 9.023474, "cohp": 5.7109906e-05, "coop": 1.3092e-08, "all bonds": ["0, 2, 0, 1, -1", "0, 3, -1, 0, -1", "2, 0, 0, -1, 1", "3, 0, 1, 0, 1"]}, "Pb Pb 3.7 0.0": {"degeneracy": 4, "bond length": 3.728521, "cohp": 0.005943523629, "coop": -0.000661454979, "all bonds": ["0, 1, 0, -1, -1", "0, 1, 0, 0, -1", "0, 1, 1, -1, -1", "0, 1, 1, 0, -1", "1, 0, -1, 0, 1", "1, 0, -1, 1, 1", "1, 0, 0, 0, 1", "1, 0, 0, 1, 1"]}, "Pb Pb 4.1 0.0": {"degeneracy": 4, "bond length": 4.055053, "cohp": 0.039569614048, "coop": -0.001344738662, "all bonds": ["0, 0, -1, 0, 0", "0, 0, 0, -1, 0", "0, 0, 0, 1, 0", "0, 0, 1, 0, 0", "1, 1, -1, 0, 0", "1, 1, 0, -1, 0", "1, 1, 0, 1, 0", "1, 1, 1, 0, 0"]}, "Pb Pb 4.2 -0.1": {"degeneracy": 4, "bond length": 4.215628, "cohp": -0.183525145073, "coop": 0.014656133991, "all bonds": ["0, 1, 0, -1, 0", "0, 1, 0, 0, 0", "0, 1, 1, -1, 0", "0, 1, 1, 0, 0", "1, 0, -1, 0, 0", "1, 0, -1, 1, 0", "1, 0, 0, 0, 0", "1, 0, 0, 1, 0"]}, "Pb Pb 5.5 -0.0": {"degeneracy": 2, "bond length": 5.473579, "cohp": -0.004411215423, "coop": 0.000217524833, "all bonds": ["0, 0, 0, 0, -1", "0, 0, 0, 0, 1", "1, 1, 0, 0, -1", "1, 1, 0, 0, 1"]}, "Pb Pb 5.7 0.0": {"degeneracy": 4, "bond length": 5.734711, "cohp": 0.001527212395, "coop": -5.5569346e-05, "all bonds": ["0, 0, -1, -1, 0", "0, 0, -1, 1, 0", "0, 0, 1, -1, 0", "0, 0, 1, 1, 0", "1, 1, -1, -1, 0", "1, 1, -1, 1, 0", "1, 1, 1, -1, 0", "1, 1, 1, 1, 0"]}, "Pb Pb 6.8 -0.0": {"degeneracy": 12, "bond length": 6.821419333333, "cohp": -0.000290157829, "coop": 5.221835e-06,