{
  "orb_type": [
    "Pb-dz2-0",
    "Pb-dxz-0",
    "Pb-dyz-0",
    "Pb-dx2y2-0",
    "Pb-dxy-0",
    "Pb-s-0",
    "Pb-px-0",
    "Pb-py-0",
    "Pb-pz-0",
    "Pb-dz2-1",
    "Pb-dxz-1",
    "Pb-dyz-1",
    "Pb-dx2y2-1",
    "Pb-dxy-1",
    "Pb-s-1",
    "Pb-px-1",
    "Pb-py-1",
    "Pb-pz-1",
    "O-s-2",
    "O-px-2",
    "O-py-2",
    "O-pz-2",
    "O-s-3",
    "O-px-3",
    "O-py-3",
    "O-pz-3"
  ],
  "orb_rad": [
    0.9241059585649073,
    0.92050601924743,
    0.922720900300004,
    0.92050601924743,
    0.9203320945704662,
    1.018172382322771,
    1.4207678714075058,
    1.5189854451720008,
    1.4207678714075058,
    0.9241059585649073,
    0.92050601924743,
    0.922720900300004,
    0.92050601924743,
    0.9203320945704662,
    1.018172382322771,
    1.4207678714075058,
    1.5189854451720008,
    1.4207678714075058,
    0.5649295952160054,
    0.7828673205841122,
    0.8514278723537676,
    0.7828673205841122,
    0.5649295952160054,
    0.7828673205841122,
    0.8514278723537676,
    0.7828673205841122
  ],
  "orb_change": [
    0.0004581675547148795,
    -0.0034392087791250835,
    -0.0010413280830078766,
    -0.003439208779125323,
    -0.003627503597479069,
    -0.021231557673123305,
    -0.18302877884109345,
    -0.12655162110655618,
    -0.18302877884109356,
    0.0004581675547148795,
    -0.003439208779125323,
    -0.0010413280830078766,
    -0.0034392087791250835,
    -0.003627503597479069,
    -0.021231557673123305,
    -0.18302877884109356,
    -0.12655162110655618,
    -0.18302877884109345,
    0.014016079632846845,
    0.025602196897428292,
    0.11542054882837142,
    0.025602196897428292,
    0.014016079632846845,
    0.025602196897428292,
    0.11542054882837159,
    0.025602196897428292
  ],
  "orb_change_periter": [
    [
      0.0006118898820061133,
      -0.0029588833812379195,
      -0.0009833894673085277,
      -0.0029588833812381594,
      -0.004157866855036396,
      -0.02224772503692857,
      -0.13074502703912153,
      -0.11441939448527487,
      -0.13074502703912164,
      0.0006118898820061133,
      -0.0029588833812381594,
      -0.0009833894673085277,
      -0.0029588833812379195,
      -0.004157866855036396,
      -0.02224772503692857,
      -0.13074502703912164,
      -0.11441939448527487,
      -0.13074502703912153,
      0.013115507218283334,
      0.026944871256639483,
      0.10684008406285045,
      0.026944871256639483,
      0.013115507218283334,
      0.026944871256639483,
      0.10684008406285062,
      0.026944871256639483
    ],
    [
      -5.003485325449697e-05,
      -0.0005804537807015582,
      5.0666844012992945e-05,
      -0.0005804537807015582,
      0.0004349460420105534,
      0.0012433524657717088,
      -0.04289975347771391,
      -0.010006901966767968,
      -0.04289975347771391,
      -5.003485325449697e-05,
      -0.0005804537807015582,
      5.0666844012992945e-05,
      -0.0005804537807015582,
      0.0004349460420105534,
      0.0012433524657717088,
      -0.04289975347771391,
      -0.010006901966767968,
      -0.04289975347771391,
      0.0009389920676761149,
      -0.0005923964481885858,
      0.007271666268429617,
      -0.0005923964481885858,
      0.0009389920676761149,
      -0.0005923964481885858,
      0.007271666268429617,
      -0.0005923964481885858
    ],
    [
      -0.00010359865396333937,
      9.876026402140977e-05,
      -0.0001086569867151466,
      9.876026402140977e-05,
      9.758915646519742e-05,
      -0.00020380987446143938,
      -0.01802112239125679,
      -0.0037301683720525926,
      -0.01802112239125679,
      -0.00010359865396333937,
      9.876026402140977e-05,
      -0.0001086569867151466,
      9.876026402140977e-05,
      9.758915646519742e-05,
      -0.00020380987446143938,
      -0.01802112239125679,
      -0.0037301683720525926,
      -0.01802112239125679,
      -5.003123031096513e-05,
      -0.0007154728062990143,
      0.0004770817775785707,
      -0.0007154728062990143,
      -5.003123031096513e-05,
      -0.0007154728062990143,
      0.0004770817775785707,
      -0.0007154728062990143
    ]
  ],
  "radial_change_periter": [
    [
      0.018981075535105155,
      0.02105919510681986,
      0.019900303566749374,
      0.02105919510681986,
      0.021941179277313295,
      0.012716675700248908,
      0.12965372139065098,
      0.10544686546842777,
      0.12965372139065098,
      0.018981075535105155,
      0.02105919510681986,
      0.019900303566749374,
      0.02105919510681986,
      0.021941179277313295,
      0.012716675700248908,
      0.12965372139065098,
      0.10544686546842777,
      0.12965372139065098,
      0.016686209369151078,
      0.05521441604385448,
      0.08514457428664778,
      0.05521441604385448,
      0.016686209369151078,
      0.05521441604385448,
      0.08514457428664778,
      0.05521441604385448
    ],
    [
      8.458326979976887e-05,
      0.0007905453577312827,
      0.000334701809188286,
      0.0007905453577312827,
      0.0005787637392767271,
      0.0019363141419021326,
      0.048581735674049976,
      0.016441978907214074,
      0.048581735674049976,
      8.458326979976887e-05,
      0.0007905453577312827,
      0.000334701809188286,
      0.0007905453577312827,
      0.0005787637392767271,
      0.0019363141419021326,
      0.048581735674049976,
      0.016441978907214074,
      0.048581735674049976,
      0.0005478852247744323,
      0.0010429458068593853,
      0.004052001872882319,
      0.0010429458068593853,
      0.0005478852247744323,
      0.0010429458068593853,
      0.004052001872882319,
      0.0010429458068593853
    ],
    [
      0.0001541501646503795,
      0.00015380140541800143,
      0.00022698073282228335,
      0.00015380140541800143,
      0.00014517438664576678,
      0.00017264167978482412,
      0.020176676614294863,
      0.003745662601260443,
      0.020176676614294863,
      0.0001541501646503795,
      0.00015380140541800143,
      0.00022698073282228335,
      0.00015380140541800143,
      0.00014517438664576678,
      0.00017264167978482412,
      0.020176676614294863,
      0.003745662601260443,
      0.020176676614294863,
      3.41073987977706e-05,
      0.0006374454443437525,
      0.0003447126485534877,
      0.0006374454443437525,
      3.41073987977706e-05,
      0.0006374454443437525,
      0.0003447126485534877,
      0.0006374454443437525
    ]
  ],